"","plate","spratio","diagnosis","hum.pop.den","sample","kay.code","hy.id","dart.date","sample.origin","notes.appearance","dart.year","dob.date","dob.event.data","disappear.date","disappear.event.status","disappear.event.data","sex","status","mom","dad","number.littermates","litrank","rank.dart","stan.rank.dart","toxo.status.x","age.mon.dart","dob.yr","age.cat.dart","hum.dist.dob","start.date","stop.date","lh.sessions","lh.sessions.pres","ratio.sessions.present","lh.intx","lh.intx.pres","ratio.intx.present","ratio.intx.sessions.present","toxo.status.y","id.reps.lion","min.dist.lion","max.dist.lion","avg.min.dist.lion","avg.dist.age.stndrzd","age.mon.lion","age.cat.lion.first","age.cat.lion.last","mode.age.cat.lion","diagnosis.time.first","diagnosis.time.fin","mode.fd.pres","avg.stan.rank"
"1","plate1",0.62,"positive","hi",3663,"698","odd",2013-06-25,"blood","white",2013,2012-01-03,"talek",NA,"dls","double check: alive but with disappeared date","f","r","mgta",NA,"1","1",NA,NA,"1",17.7,2012,"subadult","hi",2013-06-25,2017-01-01,65,2,0.0307692307692308,28,1,0.0357142857142857,0.0153846153846154,NA,NA,NA,NA,NA,NA,NA,NA,NA,NA,NA,NA,NA,NA
"2","plate1",0.74,"positive","hi",3816,"363","roos",2013-06-07,"blood",NA,2013,2007-03-02,"talek",NA,"dls","double check: alive but with disappeared date","f","r","nav",NA,NA,NA,46,-0.914893617021277,"1",75.2,2007,"adult",NA,2013-06-07,2017-01-01,66,4,0.0606060606060606,29,1,0.0344827586206897,0.0151515151515152,"1",2,2,60,31,0.21,102.6,"adult","adult","adult","after","after","TRUE",NA
"3","plate1",0.7,"positive","hi",4280,"604","hel",2012-05-06,"blood",NA,2012,2006-02-01,"talek",NA,"dls","double check: alive but with disappeared date","f","r","mrph",NA,NA,NA,2,0.96078431372549,"1",75.1,2006,"adult",NA,2012-05-06,2017-01-01,119,26,0.218487394957983,56,3,0.0535714285714286,0.0252100840336134,"1",19,0,100,16.42,-0.32,92.85,"adult","adult","adult","after","after","TRUE",NA
"4","plate1",0.69,"positive","hi",3748,"632","atac",2012-06-13,"blood",NA,2012,2009-02-15,"talek",NA,"dls","double check: alive but with disappeared date","f","r","hel",NA,"1","2",7,0.764705882352941,"1",39.9,2009,"adult",NA,2012-06-13,2017-01-01,112,24,0.214285714285714,51,3,0.0588235294117647,0.0267857142857143,"1",16,1,100,16.5,-0.32,54.16,"adult","adult","adult","after","after","TRUE",NA
"5","plate1",0.84,"positive","hi",4148,"653","pant",2013-05-23,"blood",NA,2013,2010-12-21,"talek",NA,NA,NA,"m","r","hel",NA,"1","2",NA,NA,"1",29,2010,"adult",NA,2013-05-23,2014-01-05,9,1,0.111111111111111,6,0,0,0,"1",2,30,40,35,0.35,36.7,"adult","adult","adult","after","after","TRUE",NA
"6","plate2",0.55,"positive","hi",7235,"707","tilt",2012-05-22,"blood",NA,2012,2008-07-20,"talek",NA,"dls","double check: alive but with disappeared date","f","r","ffl",NA,"1","1",35,-0.333333333333333,"1",46.1,2008,"adult",NA,2012-05-22,2017-01-01,115,8,0.0695652173913043,52,1,0.0192307692307692,0.00869565217391304,"1",3,1,50,33.67,0.3,61.9,"adult","adult","adult","after","after","TRUE",NA
"7","plate2",0.43,"doubtful","hi",7232,"727","hex",2012-06-09,"blood",NA,2012,2003-03-04,"talek",2016-04-13,"dls","inferred dead","f","r","bail",NA,NA,NA,45,-0.725490196078431,"0",111.2,2003,"adult",NA,2003-11-07,2012-06-09,246,37,0.150406504065041,158,14,0.0886075949367089,0.0569105691056911,"0",8,1,100,28,0.19,34,"subadult","adult","adult","before","before","TRUE",NA
"8","plate2",0.62,"positive","hi",7563,"755","pan",2012-05-08,"blood",NA,2012,2004-05-20,"talek",2013-05-20,"dead",NA,"f","r","mrph",NA,"1","1",8,0.725490196078431,"1",95.6,2004,"adult",NA,2012-05-08,2013-03-26,42,4,0.0952380952380952,21,1,0.0476190476190476,0.0238095238095238,"1",1,10,10,10,-0.56,96.8,"adult","adult","adult","after","after","FALSE",0.73
"9","plate2",0.71,"positive","hi",7588,"763","baez",2012-05-19,"blood",NA,2012,2004-10-16,"talek",2005-02-13,"dls","double check: alive but with disappeared date","f","r","bail",NA,"1","1",50,-0.92156862745098,"1",91.1,2004,"adult",NA,2012-05-19,2017-01-01,117,7,0.0598290598290598,54,2,0.037037037037037,0.0170940170940171,"1",4,1,30,9.75,-0.57,102.03,"adult","adult","adult","after","after","TRUE",-0.91
"10","plate2",0.71,"positive","hi",4249,"774","dra",2012-06-10,"blood",NA,2012,2007-11-15,"talek",2012-06-12,"dead","car","f","r","ali",NA,"1","1",31,-0.176470588235294,"1",54.8,2007,"adult",NA,2012-06-10,2012-06-12,0,0,NA,0,0,NA,NA,NA,NA,NA,NA,NA,NA,NA,NA,NA,NA,NA,NA,NA,NA
"11","plate2",0.47,"doubtful","hi",5571,"781","juno",2012-05-28,"blood",NA,2012,2008-04-20,"talek",NA,"dls","double check: alive but with disappeared date","f","r","mrph",NA,"1","1",5,0.843137254901961,"0",49.2,2008,"adult",NA,2009-01-28,2012-05-28,79,21,0.265822784810127,43,5,0.116279069767442,0.0632911392405063,"0",9,1,50,14,-0.39,28.38,"subadult","adult","adult","before","before","TRUE",NA
"12","plate2",0.43,"doubtful","hi",3752,"807","mgta",2012-04-11,"blood",NA,2012,2009-01-10,"talek",NA,"dls","double check: alive but with disappeared date","f","r","mos",NA,"1","1",13,0.529411764705882,"0",39,2009,"adult",NA,2009-08-05,2012-04-11,67,6,0.0895522388059701,33,3,0.0909090909090909,0.0447761194029851,"0",1,1,1,1,-0.89,26.5,"adult","adult","adult","before","before","FALSE",0.54
"13","plate2",0.87,"positive","hi",7277,"808","obam",2012-06-07,"blood",NA,2012,2008-11-13,"talek",2014-04-12,"dead","poison (april 2014 incident)","f","r","nav",NA,"1","2",44,-0.686274509803922,"1",42.8,2008,"adult",NA,2012-06-07,2014-04-12,61,6,0.0983606557377049,30,2,0.0666666666666667,0.0327868852459016,"1",4,1,35,14.5,-0.39,44.95,"adult","adult","adult","after","after","TRUE",-0.69
"14","plate2",0.71,"positive","hi",12108,"813","amaz",2012-06-16,"blood","cream; normal",2012,2009-02-15,"talek",NA,"dls","double check: alive but with disappeared date","f","r","hel",NA,"1","1",4,0.882352941176471,"1",40,2009,"adult",NA,2012-06-16,2017-01-01,110,17,0.154545454545455,50,2,0.04,0.0181818181818182,"1",13,1,100,16.54,-0.32,54.71,"adult","adult","adult","after","after","TRUE",NA
"15","plate2",0.58,"positive","hi",4171,"845","buar",2012-05-26,"blood",NA,2012,2009-12-18,"talek",NA,"dls","double check: alive but with disappeared date","f","r","hel",NA,"1","2",3,0.92156862745098,"1",29.2,2009,"adult",NA,2012-05-26,2017-01-01,115,18,0.156521739130435,52,1,0.0192307692307692,0.00869565217391304,"1",11,1,40,12.55,-0.47,51.7,"adult","adult","adult","after","after","TRUE",NA
"16","plate2",0.52,"positive","hi",4154,"848","ziti",2013-06-05,"blood",NA,2013,2010-04-03,"talek",NA,"dls","double check: alive but with disappeared date","m","r","guci",NA,"1","2",NA,NA,"1",38.1,2010,"adult",NA,2013-06-05,2017-01-01,66,11,0.166666666666667,29,5,0.172413793103448,0.0757575757575758,"1",4,30,80,42.5,0.63,62.95,"adult","adult","adult","after","after","FALSE",NA
"17","plate2",0.48,"doubtful","hi",7886,"555","tnks",2014-08-08,"blood",NA,2014,2013-03-15,"talek",NA,"dls","double check: alive but with disappeared date","f","r","alfe",NA,"0",NA,NA,NA,"0",16.8,2013,"subadult","hi",2014-03-15,2014-08-08,2,0,0,2,0,0,0,"0",1,50,50,50,-0.33,9.3,"cub","cub","cub","before","before","FALSE",NA
"18","plate2",0.22,"negative","hi",4786,"627","twst",2012-05-07,"blood",NA,2012,2011-03-03,"talek",2018-03-30,"dls","double check: alive but with disappeared date","f","r","adon",NA,"0",NA,NA,NA,"0",14.2,2011,"subadult",NA,2011-11-19,2012-05-07,5,0,0,2,0,0,0,NA,NA,NA,NA,NA,NA,NA,NA,NA,NA,NA,NA,NA,NA
"19","plate2",0.8,"positive","hi",3993,"630","alde",2012-04-30,"blood",NA,2012,2010-11-01,"talek",NA,NA,NA,"m","r","loki",NA,"1","1",NA,NA,"1",17.9,2010,"subadult",NA,2012-04-30,2013-03-21,43,5,0.116279069767442,22,1,0.0454545454545455,0.0232558139534884,"1",1,10,10,10,-0.54,23.1,"subadult","subadult","subadult","after","after","FALSE",NA
"20","plate2",0.51,"positive","hi",4791,"636","bora",2012-06-01,"blood",NA,2012,2010-12-23,"talek",2018-06-19,"dls",NA,"f","r","art",NA,"0",NA,NA,NA,"1",17.3,2010,"subadult",NA,2012-06-01,2017-01-01,114,17,0.149122807017544,52,4,0.0769230769230769,0.0350877192982456,"1",8,5,100,26.44,0.14,31.07,"subadult","adult","subadult","after","after","TRUE",NA
"21","plate2",0.89,"positive","hi",4783,"647","ted",2012-05-24,"blood",NA,2012,2010-10-30,"talek",2018-03-25,"dls","double check: alive but with disappeared date","f","r","aqua",NA,"1","2",NA,NA,"1",18.8,2010,"subadult",NA,2012-05-24,2017-01-01,115,8,0.0695652173913043,52,0,0,0,"1",3,1,15,7,-0.69,27.97,"subadult","adult","adult","after","after","FALSE",NA
"22","plate2",0.7,"positive","hi",4795,"648","endr",2012-05-25,"blood",NA,2012,2010-11-01,"talek",2014-04-03,"dead","poison (april 2014 incident)","m","r","loki",NA,"1","2",NA,NA,"1",18.8,2010,"subadult",NA,2012-05-25,2014-03-27,63,7,0.111111111111111,31,2,0.0645161290322581,0.0317460317460317,"1",2,5,15,10,-0.56,26.05,"adult","adult","adult","after","after","TRUE",NA
"23","plate2",0.49,"positive","hi",4812,"652","neon",2012-06-15,"blood",NA,2012,2010-12-26,"talek",NA,"dls","double check: alive but with disappeared date","f","r","yog",NA,"0",NA,NA,NA,"1",17.6,2010,"subadult",NA,2012-06-15,2017-01-01,111,12,0.108108108108108,51,3,0.0588235294117647,0.027027027027027,"1",8,0,65,14.12,-0.41,44.12,"subadult","adult","adult","after","after","TRUE",NA
"24","plate2",0.7,"positive","hi",3695,"658","gala",2013-09-04,"blood","white",2013,2012-01-06,"talek",2014-04-12,"dead","humans (poison - april 2014)","f","r","hel",NA,"0",NA,NA,NA,"1",19.9,2012,"subadult","hi",2013-09-04,2014-04-10,13,4,0.307692307692308,7,1,0.142857142857143,0.0769230769230769,"1",2,25,50,37.5,0.51,24.45,"subadult","adult","subadult","after","after","FALSE",1
"25","plate2",0.68,"positive","hi",10098,"659","brgr",2013-05-28,"blood","cream; normal, challenge darting - 14 min, date on vial says 6/3/15",2013,2011-10-30,"talek",NA,"dls","double check: alive but with disappeared date","f","r","cen",NA,"1","1",NA,NA,"1",18.9,2011,"subadult",NA,2013-05-28,2017-01-01,66,4,0.0606060606060606,29,0,0,0,"1",2,3,30,16.5,-0.32,38.4,"adult","adult","adult","after","after","TRUE",NA
"26","plate2",0.65,"positive","hi",6944,"660","gsmk",2013-05-24,"blood","pink",2013,2011-12-02,"talek",2013-08-17,"dls","inferred dead","f","r","sbl",NA,"1","2",NA,NA,"1",17.7,2011,"subadult",NA,2013-05-24,2013-08-17,2,0,0,1,0,0,0,NA,NA,NA,NA,NA,NA,NA,NA,NA,NA,NA,NA,NA,NA
"27","plate2",0.88,"positive","hi",6918,"664","fxtr",2013-05-08,"blood",NA,2013,2011-10-16,"talek",2016-05-09,"dls","inferred dead","f","r","dra",NA,"1","1",NA,NA,"1",18.7,2011,"subadult",NA,2013-05-08,2016-05-09,59,3,0.0508474576271186,34,3,0.0882352941176471,0.0508474576271186,NA,NA,NA,NA,NA,NA,NA,NA,NA,NA,NA,NA,NA,NA
"28","plate2",0.67,"positive","hi",3773,"665","bata",2013-06-02,"blood",NA,2013,2011-11-16,"talek",NA,NA,NA,"m","r","hex",NA,"1","2",NA,NA,"1",18.5,2011,"subadult",NA,2013-06-02,2013-12-20,5,0,0,5,0,0,0,NA,NA,NA,NA,NA,NA,NA,NA,NA,NA,NA,NA,NA,NA
"29","plate2",0.72,"positive","hi",6899,"676","lust",2013-03-14,"blood",NA,2013,2011-09-06,"talek",NA,"dls","double check: alive but with disappeared date","f","r","arg",NA,"1","2",NA,NA,"1",18.2,2011,"subadult",NA,2013-03-14,2017-01-01,77,10,0.12987012987013,35,3,0.0857142857142857,0.038961038961039,"1",5,3,40,18.6,-0.2,43.14,"subadult","adult","adult","after","after","TRUE",NA
"30","plate2",0.55,"positive","hi",6965,"688","xena",2013-05-05,"blood",NA,2013,2011-11-25,"talek",2014-11-12,"dls",NA,"m","r","loki",NA,"0",NA,NA,NA,"1",17.3,2011,"subadult",NA,2013-05-05,2014-11-03,31,4,0.129032258064516,21,3,0.142857142857143,0.0967741935483871,"1",1,25,25,25,0.11,17.4,"subadult","subadult","subadult","after","after","TRUE",NA
"31","plate2",0.39,"negative","hi",3779,"690","bnt",2013-05-07,"blood",NA,2013,2011-09-25,"talek",NA,"dls","double check: alive but with disappeared date","f","r","mono",NA,"0",NA,NA,NA,"0",19.4,2011,"subadult",NA,2012-07-21,2013-05-07,21,1,0.0476190476190476,7,0,0,0,NA,NA,NA,NA,NA,NA,NA,NA,NA,NA,NA,NA,NA,NA
"32","plate2",0.5,"positive","hi",3765,"837","zion",2012-06-18,"blood",NA,2012,2010-02-19,"talek",2013-05-06,"dls","inferred dead","f","r","sbl",NA,"1","2",23,0.137254901960784,"1",27.9,2010,"adult",NA,2012-06-18,2013-05-06,32,7,0.21875,14,0,0,0,"1",2,15,60,37.5,0.44,32.5,"adult","adult","adult","after","after","FALSE",0.14
"33","plate2",0.32,"negative","hi",5179,"842","hrpy",2012-05-24,"blood",NA,2012,2009-10-29,"talek",2018-02-27,"dls",NA,"f","r","pan",NA,NA,NA,9,0.686274509803922,"0",30.8,2009,"adult",NA,2010-05-22,2012-05-24,34,4,0.117647058823529,16,1,0.0625,0.0294117647058824,"0",3,1,20,9.33,-0.6,22.9,"subadult","adult","subadult","before","before","TRUE",NA
"34","plate2",0.71,"positive","low",7845,"1008","pike",2015-05-17,"blood",NA,2015,2007-10-30,"happy.zebra",NA,"dls","fate unknown","f","r","koi",NA,NA,NA,NA,NA,"1",90.5,2007,"adult","low",2015-05-17,2017-01-01,11,3,0.272727272727273,7,1,0.142857142857143,0.0909090909090909,"1",2,3,20,11.5,-0.5,107.4,"adult","adult","adult","after","after","FALSE",NA
"35","plate2",0.64,"positive","low",7799,"1156","ring",2015-01-29,"blood",NA,2015,2009-11-30,"happy.zebra",2017-05-29,"dls","fate unknown","f","r","ao",NA,"1","1",NA,NA,"1",62,2009,"adult","low",2015-01-29,2017-05-29,29,7,0.241379310344828,16,4,0.25,0.137931034482759,"1",1,10,10,10,-0.56,65.9,"adult","adult","adult","after","after","TRUE",NA
"36","plate2",0.9,"positive","low",7814,"1166","csby",2015-03-10,"blood",NA,2015,2007-12-30,"happy.zebra",NA,"dls","fate unknown","f","r","spb",NA,NA,NA,NA,NA,"1",86.3,2007,"adult","low",2015-03-10,2017-01-01,24,5,0.208333333333333,13,1,0.0769230769230769,0.0416666666666667,"1",2,10,15,12.5,-0.47,95.95,"adult","adult","adult","after","after","TRUE",NA
"37","plate2",0.46,"doubtful","low",4039,"1005","zoey",2012-06-22,"blood","p frozen on side",2012,2008-10-31,"serena.n",2013-03-26,"dls",NA,"f","r","digs",NA,"1",NA,5,0.578947368421053,"0",43.7,2008,"adult","low",2009-10-31,2012-06-22,18,2,0.111111111111111,10,0,0,0,NA,NA,NA,NA,NA,NA,NA,NA,NA,NA,NA,NA,NA,NA
"38","plate2",0.68,"positive","low",4035,"1015","peep",2012-06-30,"blood",NA,2012,NA,"serena.n",2013-01-24,"dls",NA,"f","r",NA,NA,NA,NA,3,0.789473684210526,"1",NA,NA,"adult","low",2012-06-30,2017-01-01,37,0,0,23,0,0,0,NA,NA,NA,NA,NA,NA,NA,NA,NA,NA,NA,NA,NA,NA
"39","plate2",0.52,"positive","low",4042,"1020","tnsl",2012-06-19,"blood","p frozen on side",2012,NA,"serena.n",2014-06-12,"dls","fate unknown","f","r","elf?",NA,NA,NA,15,-0.473684210526316,"1",NA,NA,"adult","low",2012-06-19,2014-06-12,22,5,0.227272727272727,13,0,0,0,"1",2,25,100,62.5,1.36,NA,"adult","adult","adult","after","after","TRUE",-0.43
"40","plate2",0.39,"doubtful","low",12107,"1022","wafl",2012-07-02,"blood","cream; normal, tube says ""hep. plasma 1 ml""",2012,2007-08-01,"serena.n",NA,NA,NA,"f","r",NA,NA,NA,NA,1,1,"0",59,2007,"adult","low",2008-10-29,2012-07-02,24,1,0.0416666666666667,14,0,0,0,NA,NA,NA,NA,NA,NA,NA,NA,NA,NA,NA,NA,NA,NA
"41","plate2",0.58,"positive","low",12112,"1036","ema",2012-07-07,"blood","cream; normal",2012,NA,"serena.n",2016-03-13,"dls","fate unknown","f","r",NA,NA,NA,NA,16,-0.578947368421053,"1",NA,NA,"adult","low",2012-07-07,2016-03-13,33,2,0.0606060606060606,21,1,0.0476190476190476,0.0303030303030303,"1",1,20,20,20,-0.19,NA,"adult","adult","adult","after","after","TRUE",-0.58
"42","plate2",0.51,"positive","low",3667,"1048","digs",2013-06-21,"blood","white",2013,NA,"serena.n",2015-03-31,"dead",NA,"f","r",NA,NA,NA,NA,4,0.684210526315789,"1",NA,NA,"adult","low",2013-06-21,2015-03-31,27,7,0.259259259259259,16,1,0.0625,0.037037037037037,"1",4,3,95,29,0.13,NA,"adult","adult","adult","after","after","TRUE",0.72
"43","plate2",0.53,"positive","low",6950,"1088","shrm",2013-02-08,"blood",NA,2013,NA,"serena.n",2016-10-16,"dead","unknown","f","r",NA,NA,NA,NA,6,0.473684210526316,"1",NA,NA,"adult","low",2013-02-08,2016-09-24,35,12,0.342857142857143,22,5,0.227272727272727,0.142857142857143,"1",6,5,60,32.5,0.26,NA,"adult","adult","adult","after","after","TRUE",0.55
"44","plate2",0.63,"positive","low",6999,"1095","hndy",2012-06-29,"blood",NA,2012,2008-01-01,"serena.n",2014-03-27,"dls",NA,"f","r","shrm",NA,NA,NA,11,-0.0526315789473684,"1",53.9,2008,"adult","low",2012-06-29,2017-01-01,37,1,0.027027027027027,23,0,0,0,"1",1,40,40,40,0.54,67.1,"adult","adult","adult","after","after","TRUE",0.05
"45","plate2",0.45,"doubtful","low",3613,"1096","hucn",2014-07-02,"blood","white",2014,2011-09-12,"serena.n",2014-09-24,"dls","double check: alive but with disappeared date","m","r","rbc",NA,"1","1",NA,NA,"0",33.6,2011,"adult","low",2012-07-15,2014-07-02,23,8,0.347826086956522,13,3,0.230769230769231,0.130434782608696,"0",1,1,1,1,-0.89,32,"adult","adult","adult","before","before","TRUE",NA
"46","plate2",0.62,"positive","low",13634,"1190","mchl",2015-07-16,"blood","cream; normal; says ""junk plasma 4""",2015,2012-11-17,"serena.n",2016-08-31,"dls",NA,"m","r","ele",NA,"1","1",NA,NA,"1",31.9,2012,"adult","low",2015-07-16,2017-01-01,8,1,0.125,5,1,0.2,0.125,NA,NA,NA,NA,NA,NA,NA,NA,NA,NA,NA,NA,NA,NA
"47","plate2",0.67,"positive","low",7789,"1137","uzi",2015-03-19,"blood",NA,2015,2012-08-21,"serena.n",2016-03-11,"dls","double check: alive but with disappeared date","m","r","angi",NA,"0",NA,NA,NA,"1",30.9,2012,"adult","low",2015-03-19,2016-03-11,5,1,0.2,4,0,0,0,"1",1,30,30,30,0.17,42.4,"adult","adult","adult","after","after","TRUE",NA
"48","plate2",0.71,"positive","low",12109,"1009","slin",2012-07-22,"blood","cream; normal",2012,NA,"serena.s",2018-08-14,"dls",NA,"f","r",NA,NA,NA,NA,3,0.75,"1",NA,NA,"adult","low",2012-07-22,2017-01-01,10,2,0.2,5,0,0,0,"1",2,50,100,75,1.81,NA,"adult","adult","adult","after","after","FALSE",NA
"49","plate3",0.8,"positive","low",6917,"1013","bart",2012-08-08,"blood",NA,2012,NA,"serena.s",2014-09-14,"dls","fate unknown","f","r",NA,NA,NA,NA,4,0.625,"1",NA,NA,"adult","low",2012-08-08,2014-09-14,2,0,0,0,0,NA,0,NA,NA,NA,NA,NA,NA,NA,NA,NA,NA,NA,NA,NA,NA
"50","plate3",0.76,"positive","low",3777,"1021","mtn",2012-07-21,"blood",NA,2012,NA,"serena.s",2016-12-22,"dls",NA,"f","r",NA,NA,NA,NA,15,-0.75,"1",NA,NA,"adult","low",2012-07-21,2017-01-01,10,3,0.3,5,1,0.2,0.1,"1",2,50,50,50,0.9,NA,"adult","adult","adult","after","after","TRUE",-0.76
"51","plate3",0.46,"doubtful","low",6933,"1071","taj",2012-09-06,"blood",NA,2012,NA,"serena.s",2018-01-08,"dls","fate unknown","f","r",NA,NA,NA,NA,8,0.125,"0",NA,NA,"adult","low",2005-06-08,2012-09-06,24,6,0.25,17,4,0.235294117647059,0.166666666666667,NA,NA,NA,NA,NA,NA,NA,NA,NA,NA,NA,NA,NA,NA
"52","plate3",0.78,"positive","low",4036,"1074","java",2013-01-10,"blood","pink",2013,NA,"serena.s",NA,"dls","fate unknown","f","r",NA,NA,NA,NA,1,1,"1",NA,NA,"adult","low",2013-01-10,2017-01-01,10,2,0.2,5,2,0.4,0.2,NA,NA,NA,NA,NA,NA,NA,NA,NA,NA,NA,NA,NA,NA
"53","plate3",0.68,"positive","low",3780,"1092","clov",2012-06-24,"blood",NA,2012,NA,"serena.s",2016-08-24,"dls","fate unknown","f","r",NA,NA,NA,NA,2,0.875,"1",NA,NA,"adult","low",2012-06-24,2016-08-24,10,2,0.2,5,1,0.2,0.1,"1",1,50,50,50,0.9,NA,"adult","adult","adult","after","after","TRUE",0.76
"54","plate3",0.84,"positive","low",7947,"1162","trni",2015-03-04,"blood","pink",2015,2012-07-04,"serena.n",2016-06-27,"dls",NA,"m","r","wafl",NA,"0",NA,NA,NA,"1",32,2012,"adult","low",2015-03-04,2016-06-27,7,1,0.142857142857143,5,0,0,0,"1",1,5,5,5,-0.74,47.8,"adult","adult","adult","after","after","TRUE",NA
"55","plate3",0.8,"positive","low",7508,"10","bb",1993-12-08,"blood",NA,1993,1989-07-13,"talek",1998-12-29,"dead","humans (spear)","f","r","bsh",NA,"1","1",2,0.9,"1",52.9,1989,"adult","low",1993-12-08,1998-12-29,175,29,0.165714285714286,81,6,0.0740740740740741,0.0342857142857143,"1",7,3,40,15.79,-0.35,79.44,"adult","adult","adult","after","after","TRUE",0.58
"56","plate3",0.78,"positive","low",4054,"105","tz",1993-08-11,"blood","p frozen at top",1993,NA,"talek",NA,NA,NA,"m","i",NA,NA,NA,NA,NA,NA,"1",NA,NA,"adult",NA,1993-08-11,2000-02-18,241,35,0.145228215767635,118,13,0.110169491525424,0.0539419087136929,"1",12,4,100,44.92,0.72,NA,"adult","adult","adult","after","after","TRUE",NA
"57","plate3",0.48,"doubtful","low",4109,"107","will",1994-04-26,"blood","frozen on side",1994,NA,"talek",NA,NA,NA,"m","i",NA,NA,NA,NA,NA,NA,"0",NA,NA,"adult",NA,1994-04-18,1994-04-26,1,0,0,1,0,0,0,NA,NA,NA,NA,NA,NA,NA,NA,NA,NA,NA,NA,NA,NA
"58","plate3",0.65,"positive","low",4378,"11","dave",1990-08-03,"blood",NA,1990,1986-09-15,"talek",NA,NA,NA,"m","r","27",NA,"1",NA,NA,NA,"1",46.6,1986,"adult","low",1990-08-03,1990-11-12,9,2,0.222222222222222,7,1,0.142857142857143,0.111111111111111,"1",1,10,10,10,-0.56,47.5,"adult","adult","adult","after","after","TRUE",NA
"59","plate3",0.49,"doubtful","low",7074,"112","mike",1994-06-10,"blood","red; tube incorrectly says '628' and '10/5/11'",1994,NA,"talek",1997-11-19,"dead","lions","m","i",NA,NA,NA,NA,NA,NA,"0",NA,NA,"adult",NA,1994-03-27,1994-06-10,10,1,0.1,7,1,0.142857142857143,0.1,NA,NA,NA,NA,NA,NA,NA,NA,NA,NA,NA,NA,NA,NA
"60","plate3",0.68,"positive","low",4308,"12","sher",1990-08-07,"blood","pink",1990,1987-08-01,"talek",2001-06-27,"dls","fate unknown","m","r","kb","65","0","1",NA,NA,"1",36.2,1987,"adult","low",1990-08-07,1991-07-01,30,4,0.133333333333333,23,2,0.0869565217391304,0.0666666666666667,"1",3,8,60,39.33,0.51,44.27,"adult","adult","adult","after","after","TRUE",NA
"61","plate3",0.81,"positive","low",13591,"126","mig",1994-09-20,"blood","clear; appears empty",1994,NA,"talek",2010-02-02,"dls","fate unknown","m","i",NA,NA,NA,NA,NA,NA,"1",NA,NA,"adult",NA,1994-09-20,2010-02-02,517,102,0.197292069632495,296,37,0.125,0.0715667311411992,"1",30,1,100,30.73,0.2,NA,"adult","adult","adult","after","after","TRUE",NA
"62","plate3",0.56,"positive","low",5551,"164","stg",1997-07-02,"blood",NA,1997,NA,"talek",NA,NA,NA,"m","i",NA,NA,NA,NA,NA,NA,"1",NA,NA,"adult",NA,1997-07-02,1999-09-20,87,7,0.0804597701149425,45,3,0.0666666666666667,0.0344827586206897,"1",3,1,60,37,0.43,NA,"adult","adult","adult","after","after","TRUE",NA
"63","plate3",0.61,"positive","low",3869,"167","gob",1997-07-17,"blood","no datre on tube, looked at tbldarting",1997,NA,"talek",NA,NA,NA,"m","i",NA,NA,NA,NA,NA,NA,"1",NA,NA,"adult",NA,1997-07-17,2002-06-09,192,22,0.114583333333333,108,7,0.0648148148148148,0.0364583333333333,"1",7,20,100,57.86,1.19,NA,"adult","adult","adult","after","after","TRUE",NA
"64","plate3",0.48,"doubtful","low",4059,"172","pos",1996-07-08,"blood","p frozen on side; min1",1996,NA,"talek",1999-03-25,"dls","fate unknown","m","i",NA,NA,NA,NA,NA,NA,"0",NA,NA,"adult",NA,1996-01-31,1996-07-08,27,2,0.0740740740740741,12,0,0,0,"0",1,50,50,50,0.9,NA,"adult","adult","adult","before","before","TRUE",NA
"65","plate3",0.38,"negative","low",5677,"175","rs",1997-06-04,"blood","edta. frozen in cap",1997,NA,"talek",1998-11-30,"dead",NA,"m","i",NA,NA,NA,NA,NA,NA,"0",NA,NA,"adult",NA,1995-12-06,1997-06-04,70,8,0.114285714285714,32,4,0.125,0.0571428571428571,NA,NA,NA,NA,NA,NA,NA,NA,NA,NA,NA,NA,NA,NA
"66","plate3",0.65,"positive","low",5682,"178","bp",1997-07-15,"blood","edta; pink; frozen on side",1997,NA,"talek",NA,NA,NA,"m","i",NA,NA,NA,NA,NA,NA,"1",NA,NA,"adult",NA,1997-07-15,2002-04-15,192,42,0.21875,108,17,0.157407407407407,0.0885416666666667,"1",12,1,60,26.5,0.04,NA,"adult","adult","adult","after","after","TRUE",NA
"67","plate3",0.6,"positive","low",4118,"179","sim",1996-07-28,"blood","tube incorrectly says 7/29 but it's actually 7/28; min1",1996,NA,"talek",2000-03-17,"dls","humans (us)","m","i",NA,NA,NA,NA,NA,NA,"1",NA,NA,"adult",NA,1996-07-28,2000-03-17,155,21,0.135483870967742,80,7,0.0875,0.0451612903225806,"1",8,10,50,29.38,0.15,NA,"adult","adult","adult","after","after","TRUE",NA
"68","plate3",0.86,"positive","low",7452,"181","sein",1997-07-16,"blood","edta",1997,1995-03-22,"talek",2002-02-25,"dls","humans (masai?)","f","r","bsh","rcn","1","2",2,0.928571428571429,"1",27.8,1995,"adult","low",1997-07-16,2002-02-25,178,38,0.213483146067416,98,12,0.122448979591837,0.0674157303370786,"1",11,1,100,26.64,0.05,54.48,"adult","adult","adult","after","after","TRUE",0.79
"69","plate3",0.64,"positive","low",7446,"183","bos",1997-01-22,"blood","""min0""",1997,NA,"talek",2002-06-28,"dls","fate unknown","m","i",NA,NA,NA,NA,NA,NA,"1",NA,NA,"adult",NA,1997-01-22,2002-06-28,214,49,0.228971962616822,120,20,0.166666666666667,0.0934579439252336,"1",10,1,50,23.7,-0.06,NA,"adult","adult","adult","after","after","TRUE",NA
"70","plate3",0.95,"positive","low",7451,"189","chic",1997-11-06,"blood","""min1""",1997,NA,"talek",NA,NA,NA,"m","i",NA,NA,NA,NA,NA,NA,"1",NA,NA,"adult",NA,1997-11-06,1998-04-09,11,0,0,8,0,0,0,NA,NA,NA,NA,NA,NA,NA,NA,NA,NA,NA,NA,NA,NA
"71","plate3",0.86,"positive","low",7511,"19","q",1990-12-05,"blood","color pink",1990,1988-10-29,"talek",NA,NA,NA,"m","r","bsh",NA,"0","1",NA,NA,"1",25.2,1988,"adult","low",1990-12-05,1991-07-28,28,5,0.178571428571429,21,1,0.0476190476190476,0.0357142857142857,"1",3,8,20,12.33,-0.47,31.77,"adult","adult","adult","after","after","TRUE",NA
"72","plate3",0.47,"doubtful","low",4989,"21","sy",1990-12-19,"blood","frozen on side",1990,NA,"talek",1997-02-12,"dls","fate unknown","m","i",NA,NA,NA,NA,NA,NA,"0",NA,NA,"adult",NA,1989-09-17,1990-12-19,33,10,0.303030303030303,19,3,0.157894736842105,0.0909090909090909,"0",2,20,40,30,0.17,NA,"adult","adult","adult","before","before","FALSE",NA
"73","plate3",0.71,"positive","low",4361,"221","bm",1997-07-27,"blood","frozen on side; min1",1997,1989-07-17,"talek",1999-08-18,"dls","fate unknown","f","r","23s",NA,"1","2",27,-0.857142857142857,"1",96.3,1989,"adult","low",1997-07-27,2000-10-11,124,1,0.00806451612903226,66,0,0,0,NA,NA,NA,NA,NA,NA,NA,NA,NA,NA,NA,NA,NA,NA
"74","plate3",0.58,"positive","low",5996,"225","vgs",1999-03-05,"blood","edta;min1",1999,NA,"talek",2005-12-14,"dead","snakebite?","m","i",NA,NA,NA,NA,NA,NA,"1",NA,NA,"adult",NA,1999-03-05,2006-01-25,250,64,0.256,150,24,0.16,0.096,"1",21,1,100,28.05,0.1,NA,"adult","adult","adult","after","after","TRUE",NA
"75","plate3",0.77,"positive","low",6023,"227","exc",1999-02-03,"blood","edta",1999,NA,"talek",2000-09-29,"dead","unknown","m","i",NA,NA,NA,NA,NA,NA,"1",NA,NA,"adult",NA,1999-02-03,2000-10-11,72,19,0.263888888888889,40,5,0.125,0.0694444444444444,"1",2,8,45,26.5,0.04,NA,"adult","adult","adult","after","after","FALSE",NA
"76","plate3",0.82,"positive","low",3872,"23","gw",1990-12-22,"blood",NA,1990,1978-01-01,"talek",1995-12-12,"dls","inferred dead","f","r",NA,NA,NA,NA,11,0,"1",155.7,1978,"adult","low",1990-12-22,1995-12-12,191,12,0.06282722513089,119,4,0.0336134453781513,0.0209424083769634,"1",3,3,15,9,-0.6,183.27,"adult","adult","adult","after","after","TRUE",-0.01
"77","plate3",1.09,"positive","low",5003,"24","mrb",1990-12-22,"blood",NA,1990,NA,"talek",1992-06-01,"dead","hyenas","m","i",NA,NA,NA,NA,NA,NA,"1",NA,NA,"adult",NA,1990-12-22,1992-06-01,81,15,0.185185185185185,64,10,0.15625,0.123456790123457,NA,NA,NA,NA,NA,NA,NA,NA,NA,NA,NA,NA,NA,NA
"78","plate3",0.66,"positive","low",5395,"240","mer",1999-08-01,"blood","frozen on side",1999,NA,"talek",2004-09-21,"dls","fate unknown","m","i",NA,NA,NA,NA,NA,NA,"1",NA,NA,"adult",NA,1999-08-01,2004-09-21,167,18,0.107784431137725,97,6,0.0618556701030928,0.0359281437125748,"1",3,20,75,45,0.72,NA,"adult","adult","adult","after","after","TRUE",NA
"79","plate3",1.08,"positive","low",5009,"25","coch",1993-12-15,"blood",NA,1993,1985-02-01,"talek",1995-09-02,"dead","lions","f","r",NA,NA,NA,NA,5,0.6,"1",106.4,1985,"adult","low",1993-12-15,1995-09-03,44,7,0.159090909090909,22,2,0.0909090909090909,0.0454545454545455,"1",4,5,100,46.25,0.76,111.7,"adult","adult","adult","after","after","FALSE",0.48
"80","plate3",0.39,"negative","low",3873,"26","chy",1991-11-29,"blood",NA,1991,1989-10-14,"talek",1997-03-05,"dls",NA,"m","r","coch",NA,"1","2",NA,NA,"0",25.5,1989,"adult","low",1990-04-25,1991-11-29,66,7,0.106060606060606,48,3,0.0625,0.0454545454545455,"0",1,8,8,8,-0.63,20.9,"subadult","subadult","subadult","before","before","TRUE",NA
"81","plate3",0.73,"positive","low",4598,"269a","dub",1999-10-19,"blood","edta",1999,NA,"talek",2016-06-05,"dead","lions","m","i",NA,NA,NA,NA,NA,NA,"1",NA,NA,"adult",NA,1999-10-19,2016-06-04,483,27,0.0559006211180124,287,11,0.0383275261324042,0.0227743271221532,"1",5,1,60,26.8,0.05,NA,"adult","adult","adult","after","after","TRUE",NA
"82","plate3",1.05,"positive","low",6879,"27","bsh",1994-05-02,"blood",NA,1994,1983-01-01,"talek",1999-05-29,"dead","kidney failure","f","r","kb",NA,NA,NA,1,1,"1",136,1983,"adult","low",1994-05-02,1999-05-29,182,27,0.148351648351648,87,5,0.0574712643678161,0.0274725274725275,"1",10,6,100,30.1,0.17,174.05,"adult","adult","adult","after","after","TRUE",1
"83","plate3",0.54,"positive","low",3836,"28","quai",1990-12-28,"blood",NA,1990,NA,"talek",1993-06-21,"dls","fate unknown","m","i",NA,NA,NA,NA,NA,NA,"1",NA,NA,"adult",NA,1990-12-28,1993-06-21,124,33,0.266129032258065,88,14,0.159090909090909,0.112903225806452,"1",9,1,30,12.56,-0.47,NA,"adult","adult","adult","after","after","TRUE",NA
"84","plate3",0.59,"positive","low",5745,"30","dj",1991-01-19,"blood","pink",1991,1985-11-15,"talek",1996-10-27,"dls","lions","f","r","n2",NA,NA,NA,3,0.8,"1",62.1,1985,"adult","low",1991-01-19,1996-10-27,226,62,0.274336283185841,129,27,0.209302325581395,0.119469026548673,"1",15,1,100,20.8,-0.16,98.77,"adult","adult","adult","after","after","TRUE",0.58
"85","plate3",0.7,"positive","low",4557,"33","ap",1991-01-21,"blood",NA,1991,1988-06-15,"talek",NA,NA,NA,"m","r","coch",NA,"0","1",NA,NA,"1",31.2,1988,"adult","low",1991-01-21,1991-03-11,4,0,0,4,0,0,0,"1",1,15,15,15,-0.38,59,"adult","adult","adult","after","after","TRUE",NA
"86","plate3",0.71,"positive","low",3770,"36","ua",1994-06-26,"blood","says ""junk p"" on tube",1994,1987-03-01,"talek",2001-05-05,"dls","lions","f","r","79",NA,"0","1",11,0.130434782608696,"1",87.8,1987,"adult","low",1994-06-26,2001-05-05,240,32,0.133333333333333,119,8,0.0672268907563025,0.0333333333333333,"1",8,1,40,13.12,-0.45,125.89,"adult","adult","adult","after","after","TRUE",-0.31
"87","plate3",0.82,"positive","low",5762,"38","23s",1991-02-25,"blood","pink",1991,1983-06-01,"talek",1995-03-25,"dls","lions","f","r","27",NA,NA,NA,15,-0.4,"1",92.8,1983,"adult","low",1991-02-25,1995-03-25,163,25,0.153374233128834,100,9,0.09,0.0552147239263804,"1",4,5,100,41.25,0.58,109.42,"adult","adult","adult","after","after","FALSE",-0.37
"88","plate3",0.59,"positive","low",4368,"39","kb",1991-02-28,"blood","pink",1991,1978-01-01,"talek",1995-06-23,"dls","inferred dead","f","r",NA,NA,NA,NA,2,0.9,"1",157.9,1978,"adult","low",1991-02-28,1995-06-23,168,24,0.142857142857143,104,10,0.0961538461538462,0.0595238095238095,"1",4,3,30,19.5,-0.21,171.6,"adult","adult","adult","after","after","TRUE",0.84
"89","plate3",0.88,"positive","low",3795,"40","mw",1991-03-04,"blood",NA,1991,1987-05-01,"talek",1991-11-15,"dead","unknown","f","r","03",NA,"0","1",4,0.7,"1",46.1,1987,"adult","low",1991-03-04,1991-11-15,36,5,0.138888888888889,27,3,0.111111111111111,0.0833333333333333,"1",2,2,3,2.5,-0.83,50.2,"adult","adult","adult","after","after","TRUE",0.7
"90","plate3",0.72,"positive","low",5236,"47","en",1991-07-06,"blood","tube says 7/7/91",1991,NA,"talek",NA,NA,NA,"m","i",NA,NA,NA,NA,NA,NA,"1",NA,NA,"adult",NA,1991-07-06,1994-08-25,139,15,0.107913669064748,90,6,0.0666666666666667,0.0431654676258993,"1",3,3,7.5,5.17,-0.74,NA,"adult","adult","adult","after","after","TRUE",NA
"91","plate4",0.59,"positive","low",7322,"52","fn",1991-07-11,"blood",NA,1991,NA,"talek",1999-06-24,"dls","fate unknown","m","i",NA,NA,NA,NA,NA,NA,"1",NA,NA,"adult",NA,1991-07-11,1999-06-24,317,65,0.205047318611987,175,22,0.125714285714286,0.0694006309148265,"1",12,1,100,29.67,0.16,NA,"adult","adult","adult","after","after","TRUE",NA
"92","plate4",0.85,"positive","low",7299,"55","lg",1994-06-28,"blood","color red",1994,1982-06-01,"talek",1999-04-16,"dls","inferred dead","f","r","11",NA,NA,NA,23,-0.91304347826087,"1",144.9,1982,"adult","low",1994-06-28,1999-04-16,166,22,0.132530120481928,76,7,0.0921052631578947,0.0421686746987952,"1",5,1,60,27.4,0.08,172.46,"adult","adult","adult","after","after","TRUE",-0.83
"93","plate4",0.55,"positive","low",4335,"61","es",1991-08-22,"blood",NA,1991,1984-06-01,"talek",1996-05-07,"dls","inferred dead","f","r","11",NA,NA,NA,17,-0.6,"1",86.7,1984,"adult","low",1991-08-22,1996-05-07,177,12,0.0677966101694915,101,5,0.0495049504950495,0.0282485875706215,"1",3,7.5,100,42.5,0.63,108.53,"adult","adult","adult","after","after","FALSE",-0.71
"94","plate4",0.64,"positive","low",7475,"66","pb",1991-09-16,"blood",NA,1991,1987-11-01,"talek",1995-11-05,"dls","unknown","m","r","bsh","46","0","1",NA,NA,"1",46.5,1987,"adult","low",1991-09-16,1990-12-16,0,0,NA,0,0,NA,NA,NA,NA,NA,NA,NA,NA,NA,NA,NA,NA,NA,NA,NA,NA
"95","plate4",0.45,"doubtful","low",4116,"79","zip",1992-04-11,"blood","sample reads ""5/11/92"" but excel has ""4/11/92"" as the date",1992,NA,"talek",1994-04-21,"dls","fate unknown","m","i",NA,NA,NA,NA,NA,NA,"0",NA,NA,"adult",NA,1989-11-27,1992-04-11,99,12,0.121212121212121,73,8,0.10958904109589,0.0808080808080808,NA,NA,NA,NA,NA,NA,NA,NA,NA,NA,NA,NA,NA,NA
"96","plate4",0.81,"positive","low",4369,"9","hol",1992-10-25,"blood",NA,1992,NA,"talek",1993-03-30,"dead","lions","m","i",NA,NA,NA,NA,NA,NA,"1",NA,NA,"adult",NA,1992-10-25,1993-03-29,21,2,0.0952380952380952,13,1,0.0769230769230769,0.0476190476190476,NA,NA,NA,NA,NA,NA,NA,NA,NA,NA,NA,NA,NA,NA
"97","plate4",0.47,"doubtful","low",4860,"90","gan",1992-06-07,"blood",NA,1992,1988-10-30,"talek",1994-08-02,"dls","inferred dead","f","r","es",NA,"1","2",18,-0.888888888888889,"0",43.2,1988,"adult","low",1989-06-07,1992-06-07,116,7,0.0603448275862069,84,4,0.0476190476190476,0.0344827586206897,"0",2,5.5,40,22.75,-0.09,37.9,"adult","adult","adult","before","before","FALSE",-0.84
"98","plate4",0.56,"positive","low",5695,"991","hg",1999-08-17,"blood","edta",1999,1992-09-15,"talek",2003-01-22,"dls","inferred dead","f","r","dj","zip","1","1",11,0.333333333333333,"1",83,1992,"adult","low",1999-08-17,2003-01-22,123,24,0.195121951219512,70,8,0.114285714285714,0.0650406504065041,"1",6,1,100,33,0.28,105.52,"adult","adult","adult","after","after","TRUE",0.08
"99","plate4",0.12,"negative","low",7392,"100","nav",1993-07-21,"blood",NA,1993,1992-11-07,"talek",2016-07-20,"dls","inferred dead","f","r","coch","en","1","2",NA,NA,"0",8.4,1992,"cub","low",1993-06-08,1993-07-21,0,0,NA,0,0,NA,NA,NA,NA,NA,NA,NA,NA,NA,NA,NA,NA,NA,NA,NA,NA
"100","plate4",0.52,"positive","low",5604,"106","jj",1993-08-12,"blood","no id on sample",1993,1992-09-15,"talek",2003-01-18,"dls","inferred dead","f","r","dj","zip","1","2",NA,NA,"1",10.9,1992,"cub","low",1993-08-12,2003-01-24,335,47,0.140298507462687,172,10,0.0581395348837209,0.0298507462686567,"1",11,0,100,27.27,0.07,54.99,"adult","adult","adult","after","after","TRUE",NA
"101","plate4",0.83,"positive","low",13587,"108","cr",1994-05-24,"blood","cream; normal",1994,1993-08-15,"talek",2002-03-03,"dls","inferred dead","f","r","ot",NA,"1","1",NA,NA,"1",9.3,1993,"cub","low",1994-05-24,2002-03-03,294,38,0.129251700680272,152,14,0.0921052631578947,0.0476190476190476,"1",5,1,87.5,29.3,0.15,63.54,"adult","adult","adult","after","after","TRUE",NA
"102","plate4",0.46,"doubtful","low",7142,"110","ud",1994-05-25,"blood","min1 vial says ""9/29/99""",1994,1993-10-04,"talek",1998-01-07,"dls",NA,"m","r","23s",NA,"0",NA,NA,NA,"0",7.7,1993,"cub","low",1994-07-03,1994-05-25,0,0,NA,0,0,NA,NA,NA,NA,NA,NA,NA,NA,NA,NA,NA,NA,NA,NA,NA,NA
"103","plate4",0.72,"positive","low",4888,"119","par",1994-06-23,"blood","edta",1994,1993-07-15,"talek",2004-02-10,"dls","inferred dead","f","r","gw","rcn","0",NA,NA,NA,"1",11.3,1993,"cub","low",1994-06-23,2004-02-10,330,29,0.0878787878787879,169,14,0.0828402366863905,0.0424242424242424,"1",5,5,50,36,0.39,54.84,"adult","adult","adult","after","after","TRUE",NA
"104","plate4",0.73,"positive","low",4377,"121","jb",1994-07-04,"blood",NA,1994,1993-06-26,"talek",1997-12-03,"dls","inferred dead","f","r","bsh","fn","1","1",NA,NA,"1",12.3,1993,"subadult","low",1994-07-04,1997-12-03,117,23,0.196581196581197,49,5,0.102040816326531,0.0427350427350427,"1",8,5,40,16.88,-0.31,34.09,"subadult","adult","adult","after","after","TRUE",0.89
"105","plate4",0.06,"negative","low",5426,"127","scby",1994-09-23,"blood",NA,1994,1994-01-27,"talek",1994-11-05,"dead","unknown","f","r","sd","rcn","0",NA,NA,NA,"0",7.9,1994,"cub","low",1995-01-27,1994-09-23,0,0,NA,0,0,NA,NA,NA,NA,NA,NA,NA,NA,NA,NA,NA,NA,NA,NA,NA,NA
"106","plate4",0.1,"negative","low",4373,"128","irq",1994-09-25,"blood","edta",1994,1994-01-10,"talek",NA,NA,NA,"m","r","coch",NA,"1",NA,NA,NA,"0",8.5,1994,"cub","low",1994-11-30,1994-09-25,0,0,NA,0,0,NA,NA,NA,NA,NA,NA,NA,NA,NA,NA,NA,NA,NA,NA,NA,NA
"107","plate4",0.89,"positive","low",12165,"131","kip",1994-12-18,"blood","cream; normal",1994,1993-12-10,"talek",2000-09-26,"dls","inferred dead","f","r","who","fn","1","1",NA,NA,"1",12.3,1993,"subadult","low",1994-12-18,2000-09-26,229,34,0.148471615720524,112,9,0.0803571428571429,0.0393013100436681,"1",11,1,70,27.82,0.11,46.26,"subadult","adult","adult","after","after","TRUE",NA
"108","plate4",0.12,"negative","low",13399,"137","wm",1995-02-09,"blood","cream; normal",1995,1994-07-07,"talek",1995-03-13,"dead","disease","f","r","jab",NA,"1","1",NA,NA,"0",7.1,1994,"cub","low",1995-01-24,1995-02-09,1,0,0,0,0,NA,0,"0",1,100,100,100,0.9,2.7,"cub","cub","cub","before","before","FALSE",NA
"109","plate4",0.81,"positive","low",12163,"138","zulu",1995-02-10,"blood","cream; normal",1995,1994-05-01,"talek",1997-08-31,"dead","lions","m","r","pt",NA,"1","2",NA,NA,"1",9.4,1994,"cub","low",1995-02-10,1997-08-31,106,16,0.150943396226415,45,2,0.0444444444444444,0.0188679245283019,"1",7,10,100,44.36,0.63,26.17,"cub","adult","adult","after","after","TRUE",NA
"110","plate4",0.1,"negative","low",3982,"139","wr",1995-02-12,"blood","p frozen at top but not much",1995,1994-06-22,"talek",2007-02-25,"dls","inferred dead","f","r","bb","rcn","1","2",NA,NA,"0",7.7,1994,"cub","low",1995-01-25,1995-02-12,3,0,0,0,0,NA,0,"0",1,100,100,100,0.9,3.2,"cub","cub","cub","before","before","FALSE",NA
"111","plate4",0.62,"positive","low",7778,"140","mh",1995-03-06,"blood",NA,1995,1994-06-22,"talek",NA,NA,NA,"f","r","bb",NA,"1","1",NA,NA,"1",8.4,1994,"cub","low",1995-03-06,1996-03-12,28,4,0.142857142857143,12,1,0.0833333333333333,0.0357142857142857,"1",2,20,30,25,0.11,15.45,"subadult","subadult","subadult","after","after","TRUE",NA
"112","plate4",0.27,"negative","low",12144,"145","mp",1995-04-10,"blood","slightly pink",1995,1994-07-23,"talek",2013-07-13,"dls","inferred dead","f","r","dj","bag","1","1",NA,NA,"0",8.6,1994,"cub","low",1995-03-18,1995-04-10,3,0,0,2,0,0,0,NA,NA,NA,NA,NA,NA,NA,NA,NA,NA,NA,NA,NA,NA
"113","plate4",0.1,"negative","low",3755,"146","dd",1995-04-13,"blood",NA,1995,1994-07-23,"talek",NA,NA,NA,"m","r","dj","bag","1","2",NA,NA,"0",8.7,1994,"cub","low",1995-03-18,1995-04-13,3,0,0,2,0,0,0,NA,NA,NA,NA,NA,NA,NA,NA,NA,NA,NA,NA,NA,NA
"114","plate4",0.6,"positive","low",5525,"160","amar",1995-10-25,"blood",NA,1995,1995-01-25,"talek",2003-06-13,"dls","inferred dead","f","r","ua","fn","1","1",NA,NA,"1",9,1995,"cub","low",1995-10-25,2003-06-13,295,39,0.132203389830508,155,9,0.0580645161290323,0.0305084745762712,"1",12,1,100,35.58,0.44,55.31,"subadult","adult","adult","after","after","TRUE",NA
"115","plate4",0.14,"negative","low",5535,"161","kon",1995-11-02,"blood",NA,1995,1995-01-25,"talek",NA,NA,NA,"m","r","ua",NA,"1","2",NA,NA,"0",9.2,1995,"cub","low",1995-10-24,1995-11-02,0,0,NA,0,0,NA,NA,NA,NA,NA,NA,NA,NA,NA,NA,NA,NA,NA,NA,NA,NA
"116","plate4",0.43,"doubtful","low",5532,"162","lop",1996-02-26,"blood",NA,1996,1995-02-15,"talek",1997-03-01,"dead",NA,"f","r","who",NA,"0",NA,NA,NA,"0",12.4,1995,"subadult","low",1995-10-22,1996-02-26,8,1,0.125,4,1,0.25,0.125,NA,NA,NA,NA,NA,NA,NA,NA,NA,NA,NA,NA,NA,NA
"117","plate4",0.54,"positive","low",5541,"169","jone",1996-06-08,"blood",NA,1996,1995-08-01,"talek",1997-05-25,"dls","inferred dead","f","r","jab","fn","1","1",NA,NA,"1",10.2,1995,"cub","low",1996-06-08,1997-05-25,44,6,0.136363636363636,19,1,0.0526315789473684,0.0227272727272727,"1",1,15,15,15,-0.33,18.3,"subadult","subadult","subadult","after","after","TRUE",NA
"118","plate4",0.03,"negative","low",5662,"170","rinc",1996-06-08,"blood","frozen on side",1996,1995-08-01,"talek",1997-05-09,"dls","inferred dead","m","r","jab","fn","1","2",NA,NA,"0",10.2,1995,"cub","low",1996-04-19,1996-06-08,7,1,0.142857142857143,4,1,0.25,0.142857142857143,"0",1,40,40,40,-0.57,7.8,"cub","cub","cub","before","before","TRUE",NA
"119","plate4",0.57,"positive","low",6592,"197","mrph",1997-06-07,"blood",NA,1997,1996-06-25,"talek",2011-04-10,"dead","lions","f","r","bsh",NA,"1","1",NA,NA,"1",11.4,1996,"cub","low",1997-06-07,2011-04-12,455,104,0.228571428571429,271,35,0.129151291512915,0.0769230769230769,"1",40,1,100,17.54,-0.28,100.83,"subadult","adult","adult","after","after","TRUE",0.99
"120","plate4",0.44,"doubtful","low",7338,"20","rv",1990-12-07,"blood","edta",1990,1990-05-15,"talek",1997-04-27,"dls","fate unknown","f","r","gw","1019","1","1",NA,NA,"0",6.8,1990,"cub","low",1990-12-31,1990-12-07,0,0,NA,0,0,NA,NA,NA,NA,NA,NA,NA,NA,NA,NA,NA,NA,NA,NA,NA,NA
"121","plate4",0.15,"negative","low",5038,"205","kang",1997-06-09,"blood",NA,1997,1996-10-07,"talek",1998-02-15,"dls","inferred dead","m","r","lg",NA,"1","1",NA,NA,"0",8,1996,"cub","low",1997-05-13,1997-06-09,6,0,0,5,0,0,0,NA,NA,NA,NA,NA,NA,NA,NA,NA,NA,NA,NA,NA,NA
"122","plate4",0.6,"positive","low",5035,"206","gonz",1997-06-09,"blood",NA,1997,1996-09-06,"talek",NA,NA,NA,"m","r","hob","tz","0",NA,NA,NA,"1",9.1,1996,"cub","low",1997-06-09,1999-03-20,64,7,0.109375,32,3,0.09375,0.046875,NA,NA,NA,NA,NA,NA,NA,NA,NA,NA,NA,NA,NA,NA
"123","plate4",0.05,"negative","low",5019,"207","nod",1997-06-11,"blood",NA,1997,1996-10-13,"talek",NA,NA,NA,"m","r","ua","mike","1","2",NA,NA,"0",7.9,1996,"cub","low",1997-05-25,1997-06-11,4,0,0,3,0,0,0,NA,NA,NA,NA,NA,NA,NA,NA,NA,NA,NA,NA,NA,NA
"124","plate4",0.51,"positive","low",5043,"208","darw",1997-06-11,"blood",NA,1997,1996-07-01,"talek",NA,NA,NA,"m","r","jb","fa","0",NA,NA,NA,"1",11.3,1996,"cub","low",1997-06-11,2002-03-25,194,16,0.0824742268041237,109,6,0.055045871559633,0.0309278350515464,"1",5,1,50,26.2,0.09,27.4,"subadult","adult","adult","after","after","TRUE",NA
"125","plate4",0.09,"negative","low",7584,"211","linc",1997-06-30,"blood",NA,1997,1996-10-23,"talek",NA,NA,NA,"m","r","nav","mike","1","1",NA,NA,"0",8.2,1996,"cub","low",1997-06-29,1997-06-30,0,0,NA,0,0,NA,NA,"0",1,100,100,100,0.9,4.5,"cub","cub","cub","before","before","FALSE",NA
"126","plate4",0.4,"negative","low",7608,"212","wash",1997-06-30,"blood",NA,1997,1996-10-23,"talek",1997-08-27,"dead","humans","m","r","nav","mike","1","2",NA,NA,"0",8.2,1996,"cub","low",1997-06-15,1997-06-30,1,0,0,1,0,0,0,"0",1,100,100,100,0.9,4.5,"cub","cub","cub","before","before","FALSE",NA
"127","plate4",0.17,"negative","low",5470,"213","mali",1997-07-04,"blood",NA,1997,1996-10-13,"talek",2006-01-13,"dls","inferred dead","f","r","jab",NA,"1","2",NA,NA,"0",8.7,1996,"cub","low",1997-06-09,1997-07-04,4,0,0,1,0,0,0,NA,NA,NA,NA,NA,NA,NA,NA,NA,NA,NA,NA,NA,NA
"128","plate4",0.38,"negative","low",4358,"216","dna",1997-11-07,"blood",NA,1997,1996-12-23,"talek",NA,NA,NA,"m","r","gil",NA,"1","1",NA,NA,"0",10.5,1996,"cub","low",1997-06-14,1997-11-07,14,1,0.0714285714285714,4,0,0,0,NA,NA,NA,NA,NA,NA,NA,NA,NA,NA,NA,NA,NA,NA
"129","plate4",0.34,"negative","low",3811,"231","puc",1998-03-14,"blood",NA,1998,1997-06-01,"talek",2006-12-23,"dls","inferred dead","f","r","ger","fn","1","1",NA,NA,"0",9.4,1997,"cub","low",1997-11-23,1998-03-14,8,0,0,5,0,0,0,NA,NA,NA,NA,NA,NA,NA,NA,NA,NA,NA,NA,NA,NA
"130","plate4",1.04,"positive","low",5401,"249","csn",1999-01-29,"blood","frozen on side",1999,1998-02-15,"talek",2005-05-03,"dead","lions","f","r","bsh","fn","0",NA,NA,NA,"1",11.4,1998,"cub","low",1999-01-29,2005-05-03,223,51,0.228699551569507,133,20,0.150375939849624,0.0896860986547085,"1",18,1,40,14.94,-0.37,47.51,"subadult","adult","adult","after","after","TRUE",NA
"131","plate4",0.1,"negative","low",5344,"258","her",1999-08-11,"blood",NA,1999,1998-11-20,"talek",NA,NA,NA,"m","r","mrph",NA,"1","2",NA,NA,"0",8.7,1998,"cub","low",1999-07-19,1999-08-11,7,0,0,3,0,0,0,NA,NA,NA,NA,NA,NA,NA,NA,NA,NA,NA,NA,NA,NA
"132","plate4",0.08,"negative","low",5330,"259","sch",1999-06-24,"blood",NA,1999,1998-11-20,"talek",2000-04-04,"dead","lions","m","r","ua","mig","1","2",NA,NA,"0",7.1,1998,"cub","low",1999-07-18,1999-06-24,0,0,NA,0,0,NA,NA,NA,NA,NA,NA,NA,NA,NA,NA,NA,NA,NA,NA,NA,NA
"133","plate4",0.64,"positive","low",4616,"262","cpa",1999-07-04,"blood",NA,1999,1998-11-18,"talek",NA,NA,NA,"m","r","sx","gob","0",NA,NA,NA,"1",7.5,1998,"cub","low",1999-07-04,2002-02-09,100,15,0.15,57,5,0.087719298245614,0.05,"1",3,12,30,20.67,-0.14,25.67,"subadult","adult","adult","after","after","TRUE",NA
"134","plate5",0.02,"negative","low",4303,"263","tsa",1999-07-04,"blood",NA,1999,1998-12-10,"talek",2001-08-02,"dls","inferred dead","m","r","par",NA,"0",NA,NA,NA,"0",6.8,1998,"cub","low",1999-08-13,1999-07-04,0,0,NA,0,0,NA,NA,NA,NA,NA,NA,NA,NA,NA,NA,NA,NA,NA,NA,NA,NA
"135","plate5",0.16,"negative","low",4581,"267","jut",1999-07-11,"blood","frozen on side",1999,1998-11-30,"talek",2003-11-24,"dls","inferred dead","f","r","ger","pos","1","1",NA,NA,"0",7.3,1998,"cub","low",1999-06-20,1999-07-11,0,0,NA,0,0,NA,NA,NA,NA,NA,NA,NA,NA,NA,NA,NA,NA,NA,NA,NA,NA
"136","plate5",0.16,"negative","low",4607,"268","gdz",1999-07-21,"blood","edta",1999,1998-12-03,"talek",2000-09-29,"dls","inferred dead","m","r","kip","tz","1","2",NA,NA,"0",7.6,1998,"cub","low",1999-07-19,1999-07-21,0,0,NA,0,0,NA,NA,NA,NA,NA,NA,NA,NA,NA,NA,NA,NA,NA,NA,NA,NA
"137","plate5",0.07,"negative","low",4671,"271","ind",1999-10-04,"blood","edta",1999,1998-12-02,"talek",NA,NA,NA,"m","r","bail","chas","1","1",NA,NA,"0",10.1,1998,"cub","low",1999-08-06,1999-10-04,7,0,0,2,0,0,0,NA,NA,NA,NA,NA,NA,NA,NA,NA,NA,NA,NA,NA,NA
"138","plate5",0.1,"negative","low",4660,"272","coo",1999-09-12,"blood",NA,1999,1998-12-03,"talek",2005-11-16,"dead","croc?","f","r","kip","tz","1","1",NA,NA,"0",9.3,1998,"cub","low",1999-07-22,1999-09-12,10,0,0,3,0,0,0,NA,NA,NA,NA,NA,NA,NA,NA,NA,NA,NA,NA,NA,NA
"139","plate5",0.07,"negative","low",4652,"275","cam",1999-09-21,"blood",NA,1999,1998-11-21,"talek",2006-10-23,"dls","inferred dead","f","r","jj","zig","1","1",NA,NA,"0",10,1998,"cub","low",1999-08-05,1999-09-21,6,1,0.166666666666667,1,0,0,0,NA,NA,NA,NA,NA,NA,NA,NA,NA,NA,NA,NA,NA,NA
"140","plate5",0.51,"positive","low",4046,"283","zim",1999-11-07,"blood",NA,1999,1998-11-29,"talek",2002-12-12,"dls","inferred dead","f","r","cr","zig","1","1",NA,NA,"1",11.3,1998,"cub","low",1999-11-07,2002-12-12,113,9,0.079646017699115,67,3,0.0447761194029851,0.0265486725663717,"1",3,5,30,18.33,-0.25,34.2,"adult","adult","adult","after","after","TRUE",-0.8
"141","plate5",0.58,"positive","low",5313,"286","ath",1999-11-26,"blood",NA,1999,1998-11-20,"talek",2004-03-31,"dead","snake bite","f","r","mrph",NA,"1","1",NA,NA,"1",12.2,1998,"subadult","low",1999-11-26,2004-03-31,138,23,0.166666666666667,79,3,0.0379746835443038,0.0217391304347826,"1",9,1,100,28.11,0.1,39.47,"subadult","adult","adult","after","after","TRUE",NA
"142","plate5",0.71,"positive","low",4077,"290","cyp",1999-12-18,"blood","collected from dead hyena",1999,1999-05-13,"talek",1999-12-18,"dead","lions","m","r","bern",NA,"1","1",NA,NA,"1",7.2,1999,"cub","low",1999-12-18,1999-12-18,2,1,0.5,1,1,1,0.5,NA,NA,NA,NA,NA,NA,NA,NA,NA,NA,NA,NA,NA,NA
"143","plate5",0.09,"negative","low",5765,"71","pt",1991-11-13,"blood",NA,1991,1991-04-01,"talek",1996-06-11,"dls","inferred dead","f","r","coch","1019","1",NA,NA,NA,"0",7.4,1991,"cub","low",1991-12-22,1991-11-13,0,0,NA,0,0,NA,NA,NA,NA,NA,NA,NA,NA,NA,NA,NA,NA,NA,NA,NA,NA
"144","plate5",0.01,"negative","low",5808,"74","who",1991-11-27,"blood",NA,1991,1991-07-07,"talek.e",2006-12-21,NA,NA,"f","r","bsh","zip","0","1",NA,NA,"0",4.7,1991,"cub","low",1992-03-24,1991-11-27,0,0,NA,0,0,NA,NA,NA,NA,NA,NA,NA,NA,NA,NA,NA,NA,NA,NA,NA,NA
"145","plate5",0.05,"negative","low",5799,"76","hob",1992-06-14,"blood",NA,1992,1991-07-20,"talek",1999-05-06,"dls","inferred dead","f","r","es","int","1","2",NA,NA,"0",10.8,1991,"cub","low",1992-04-07,1992-06-14,14,1,0.0714285714285714,10,1,0.1,0.0714285714285714,NA,NA,NA,NA,NA,NA,NA,NA,NA,NA,NA,NA,NA,NA
"146","plate5",0.16,"negative","low",6136,"82","ger",1993-07-12,"blood","frozen on side",1993,1992-11-07,"talek",2005-06-02,"dead","humans","f","r","coch","en","1","1",NA,NA,"0",8.1,1992,"cub","low",1993-06-08,1993-07-12,0,0,NA,0,0,NA,NA,NA,NA,NA,NA,NA,NA,NA,NA,NA,NA,NA,NA,NA,NA
"147","plate5",0.7,"positive","low",6141,"83","bern",1993-07-19,"blood",NA,1993,1992-10-01,"talek",2000-09-04,"dls","lions","f","r","lg","hol","0","1",NA,NA,"1",9.6,1992,"cub","low",1993-07-19,2000-09-04,263,20,0.0760456273764259,127,4,0.031496062992126,0.0152091254752852,"1",6,1,100,42.67,0.33,59.67,"cub","adult","adult","after","after","TRUE",NA
"148","plate5",0.6,"positive","low",6145,"84","baj",1993-07-14,"blood",NA,1993,1993-01-01,"talek",NA,NA,NA,"m","r","bb","fn","1","2",NA,NA,"1",6.4,1993,"cub","low",1993-07-14,1996-11-18,111,9,0.0810810810810811,48,1,0.0208333333333333,0.00900900900900901,"1",5,1,60,24.2,-0.04,37.4,"adult","adult","adult","after","after","TRUE",NA
"149","plate5",-0.01,"negative","low",4699,"87","gil",1993-07-18,"blood","no hyena id on vial",1993,1992-08-01,"talek",1998-10-26,"dls","inferred dead","f","r","bsh",NA,"0","1",NA,NA,"0",11.5,1992,"cub","low",1993-03-10,1993-07-18,11,4,0.363636363636364,4,0,0,0,NA,NA,NA,NA,NA,NA,NA,NA,NA,NA,NA,NA,NA,NA
"150","plate5",0.13,"negative","low",4712,"89","gol",1992-05-26,"blood","no hyena id on vial",1992,1991-07-20,"talek",2001-03-13,"dead","humans (speared)","f","r","es","fn","1","1",NA,NA,"0",10.2,1991,"cub","low",1992-04-07,1992-05-26,8,1,0.125,6,1,0.166666666666667,0.125,NA,NA,NA,NA,NA,NA,NA,NA,NA,NA,NA,NA,NA,NA
"151","plate5",0.82,"positive","low",12138,"96","jab",1992-12-08,"blood","cream; normal",1992,1992-02-02,"talek",1998-04-26,"dls","inferred dead","f","r","bb",NA,"1",NA,NA,NA,"1",10.2,1992,"cub","low",1992-12-08,1998-04-26,184,48,0.260869565217391,83,11,0.132530120481928,0.0597826086956522,"1",17,3,100,20.62,-0.23,32.81,"cub","adult","adult","after","after","TRUE",NA
"152","plate5",0.62,"positive","low",4883,"98","krk",1992-12-09,"blood",NA,1992,1992-01-10,"talek",NA,NA,NA,"m","r","kb","mrb","1","1",NA,NA,"1",11,1992,"cub","low",1992-12-09,1994-02-06,42,10,0.238095238095238,18,2,0.111111111111111,0.0476190476190476,"1",2,12.5,20,16.25,-0.27,18,"subadult","subadult","subadult","after","after","TRUE",NA
"153","plate5",0.76,"positive","low",4314,"124","rm",1994-08-27,"blood","frozen on side, says rum on tube",1994,1993-07-07,"talek",1996-09-12,"dls","inferred dead","f","r","ua",NA,"1","1",NA,NA,"1",13.7,1993,"subadult","low",1994-08-27,1996-09-12,66,10,0.151515151515152,27,1,0.037037037037037,0.0151515151515152,"1",4,20,100,47.5,0.81,32.45,"adult","adult","adult","after","after","TRUE",NA
"154","plate5",0.87,"positive","low",4111,"130","kl",1994-12-17,"blood","frozen on side",1994,1993-07-07,"talek",1994-12-30,"dls","inferred dead","f","r","ua","sy","1","2",NA,NA,"1",17.3,1993,"subadult","low",1994-12-17,1994-12-30,1,0,0,1,0,0,0,NA,NA,NA,NA,NA,NA,NA,NA,NA,NA,NA,NA,NA,NA
"155","plate5",0.08,"negative","low",5658,"173","pf",1996-06-21,"blood",NA,1996,1995-05-20,"talek",1996-07-28,"dead","humans","m","r","bail",NA,"0",NA,NA,NA,"0",13.1,1995,"subadult","low",1995-11-01,1996-06-21,31,0,0,14,0,0,0,NA,NA,NA,NA,NA,NA,NA,NA,NA,NA,NA,NA,NA,NA
"156","plate5",0.94,"positive","low",5671,"174","arse",1996-08-09,"blood",NA,1996,1995-03-22,"talek",1996-08-09,"dead","humans (us)","f","r","bsh","rcn","1","1",NA,NA,"1",16.6,1995,"subadult","low",1996-08-09,1996-08-09,0,0,NA,0,0,NA,NA,NA,NA,NA,NA,NA,NA,NA,NA,NA,NA,NA,NA,NA,NA
"157","plate5",0.97,"positive","low",7534,"18","bud",1990-12-01,"blood","color red",1990,1989-07-13,"talek",NA,NA,NA,"m","r","bsh",NA,"1","2",NA,NA,"1",16.6,1989,"subadult","low",1990-12-01,1992-07-18,91,12,0.131868131868132,71,8,0.112676056338028,0.0879120879120879,"1",3,3,25,16,-0.31,31.23,"subadult","adult","subadult","after","after","TRUE",NA
"158","plate5",0.77,"positive","low",5020,"202","oly",1997-06-12,"blood",NA,1997,1995-11-07,"talek",NA,NA,NA,"m","r","gil","fn","1","1",NA,NA,"1",19.2,1995,"subadult","low",1997-06-12,1999-06-20,79,15,0.189873417721519,42,4,0.0952380952380952,0.0506329113924051,"1",2,1,100,50.5,0.92,34.1,"adult","adult","adult","after","after","FALSE",NA
"159","plate5",0.65,"positive","low",6016,"223","sks",1997-07-31,"blood",NA,1997,1995-10-16,"talek",NA,NA,NA,"m","r","ot","rcn","1","2",NA,NA,"1",21.5,1995,"subadult","low",1997-07-31,1998-04-21,18,2,0.111111111111111,9,0,0,0,NA,NA,NA,NA,NA,NA,NA,NA,NA,NA,NA,NA,NA,NA
"160","plate5",0.9,"positive","low",4115,"237","ldv",1999-03-07,"blood",NA,1999,1997-11-24,"talek",2007-04-07,"dead","lions","m","r","hg","mer","1","2",NA,NA,"1",15.4,1997,"subadult","low",1999-03-07,2007-04-24,282,78,0.276595744680851,172,29,0.168604651162791,0.102836879432624,"1",23,1,100,31.13,0.21,71.26,"subadult","adult","adult","after","after","TRUE",NA
"161","plate5",0.62,"positive","low",4094,"243","yet",1998-10-20,"blood",NA,1998,1997-07-09,"talek",NA,NA,NA,"m","r","kip","mike","1","1",NA,NA,"1",15.4,1997,"subadult","low",1998-10-20,2001-03-13,97,10,0.103092783505155,54,4,0.0740740740740741,0.0412371134020619,"1",2,1,20,10.5,-0.5,24.05,"subadult","adult","subadult","after","after","FALSE",NA
"162","plate5",0.36,"negative","low",5392,"248","whh",1999-02-22,"blood","edta",1999,1998-02-28,"talek",2004-10-18,"dead",NA,"f","r","nav","zig","0",NA,NA,NA,"0",11.8,1998,"cub","low",1998-10-02,1999-02-22,25,2,0.08,14,1,0.0714285714285714,0.04,NA,NA,NA,NA,NA,NA,NA,NA,NA,NA,NA,NA,NA,NA
"163","plate5",0.44,"doubtful","low",4328,"251","cuj",1999-05-11,"blood","frozen on side",1999,1997-07-09,"talek",NA,NA,NA,"m","r","kip",NA,"1","2",NA,NA,"0",22,1997,"subadult","low",1998-03-18,1999-05-11,47,3,0.0638297872340425,26,2,0.0769230769230769,0.0425531914893617,"0",1,20,20,20,-0.11,21.7,"subadult","subadult","subadult","before","before","TRUE",NA
"164","plate5",0.41,"doubtful","low",5317,"253","ali",1999-04-26,"blood",NA,1999,1997-08-04,"talek",2017-06-11,"dls","double check: alive but with disappeared date","f","r","bb","mike","1","1",NA,NA,"0",20.7,1997,"subadult","low",1998-08-18,1999-04-26,32,2,0.0625,16,0,0,0,NA,NA,NA,NA,NA,NA,NA,NA,NA,NA,NA,NA,NA,NA
"165","plate5",0.66,"positive","low",4588,"265","foz",1999-08-19,"blood",NA,1999,1997-12-15,"talek",2011-03-28,"dead","lions","m","r","hob","mike","1",NA,NA,NA,"1",20.1,1997,"subadult","low",1999-08-19,2011-04-12,367,75,0.204359673024523,226,18,0.079646017699115,0.0490463215258856,"1",30,1,100,24.13,-0.04,96.98,"adult","adult","adult","after","after","TRUE",NA
"166","plate5",0.45,"doubtful","low",4682,"278","sco",1999-10-25,"blood","edta",1999,1997-12-15,"talek",NA,NA,NA,"m","r","hob","mike","1",NA,NA,NA,"0",22.3,1997,"subadult","low",1998-10-14,1999-10-25,53,6,0.113207547169811,29,3,0.103448275862069,0.0566037735849057,NA,NA,NA,NA,NA,NA,NA,NA,NA,NA,NA,NA,NA,NA
"167","plate5",0.76,"positive","low",3977,"29","sx",1990-12-28,"blood","p frozen on side of tube",1990,1989-10-14,"talek",2000-07-07,"dls","inferred dead","f","r","coch",NA,"1","1",NA,NA,"1",14.5,1989,"subadult","low",1990-12-28,2000-07-07,387,80,0.20671834625323,215,27,0.125581395348837,0.0697674418604651,"1",26,1,100,23.88,-0.05,66.44,"subadult","adult","adult","after","after","TRUE",NA
"168","plate5",0.45,"doubtful","low",4375,"51","pp",1991-07-11,"blood",NA,1991,1990-06-03,"talek",NA,NA,NA,"m","r","dps",NA,"0","1",NA,NA,"0",13.2,1990,"subadult","low",1991-05-21,1991-07-11,8,1,0.125,4,0,0,0,NA,NA,NA,NA,NA,NA,NA,NA,NA,NA,NA,NA,NA,NA
